FileNumber,Fragment,IsotopeRatio,IntegratedIsotopeRatio,Average,StdDev,StdError,RelStdError,TICVar,TIC*ITVar,TIC*ITMean,ShotNoise
LCMultipleFragmentTestFolder/Multiple_Fragment_Example_20201217_06_Methionine M3 Frag 250 uM 2e5 NCE 60_01.xlsx,105.1,13C-18O/13C,0,0.07849772327755768,0.0122083399033566,0.00036126306349693196,0.00460221071915109,0.04861391034191248,0.06392261000582711,311303.15323992993,0.0034339812262515553
LCMultipleFragmentTestFolder/Multiple_Fragment_Example_20201217_06_Methionine M3 Frag 250 uM 2e5 NCE 60_02.xlsx,105.1,13C-18O/13C,0,0.07849772327755768,0.0122083399033566,0.00036126306349693196,0.00460221071915109,0.04861391034191248,0.06392261000582711,311303.15323992993,0.0034339812262515553
LCMultipleFragmentTestFolder/Multiple_Fragment_Example_20201217_06_Methionine M3 Frag 250 uM 2e5 NCE 60_03.xlsx,105.1,13C-18O/13C,0,0.07849772327755768,0.0122083399033566,0.00036126306349693196,0.00460221071915109,0.04861391034191248,0.06392261000582711,311303.15323992993,0.0034339812262515553
LCMultipleFragmentTestFolder/Multiple_Fragment_Example_20201217_06_Methionine M3 Frag 250 uM 2e5 NCE 60_01.xlsx,105.1,15N/13C,0,0.07302970139391812,0.011744640062147167,0.0003475414906619306,0.004758906089281555,0.04861391034191248,0.06392261000582711,311303.15323992993,0.0035508665076471654
LCMultipleFragmentTestFolder/Multiple_Fragment_Example_20201217_06_Methionine M3 Frag 250 uM 2e5 NCE 60_02.xlsx,105.1,15N/13C,0,0.07302970139391812,0.011744640062147167,0.0003475414906619306,0.004758906089281555,0.04861391034191248,0.06392261000582711,311303.15323992993,0.0035508665076471654
LCMultipleFragmentTestFolder/Multiple_Fragment_Example_20201217_06_Methionine M3 Frag 250 uM 2e5 NCE 60_03.xlsx,105.1,15N/13C,0,0.07302970139391812,0.011744640062147167,0.0003475414906619306,0.004758906089281555,0.04861391034191248,0.06392261000582711,311303.15323992993,0.0035508665076471654
LCMultipleFragmentTestFolder/Multiple_Fragment_Example_20201217_06_Methionine M3 Frag 250 uM 2e5 NCE 60_01.xlsx,105.1,18O/13C,0,0.034475450197034574,0.007701811000797366,0.00022790812335241677,0.006610736685086723,0.04861391034191248,0.06392261000582711,311303.15323992993,0.0050759840465630385
LCMultipleFragmentTestFolder/Multiple_Fragment_Example_20201217_06_Methionine M3 Frag 250 uM 2e5 NCE 60_02.xlsx,105.1,18O/13C,0,0.034475450197034574,0.007701811000797366,0.00022790812335241677,0.006610736685086723,0.04861391034191248,0.06392261000582711,311303.15323992993,0.0050759840465630385
LCMultipleFragmentTestFolder/Multiple_Fragment_Example_20201217_06_Methionine M3 Frag 250 uM 2e5 NCE 60_03.xlsx,105.1,18O/13C,0,0.034475450197034574,0.007701811000797366,0.00022790812335241677,0.006610736685086723,0.04861391034191248,0.06392261000582711,311303.15323992993,0.0050759840465630385
LCMultipleFragmentTestFolder/Multiple_Fragment_Example_20201217_06_Methionine M3 Frag 250 uM 2e5 NCE 60_01.xlsx,105.1,D/13C,0,0.021583957919186415,0.007368905155498938,0.00021805694076079517,0.010102731926055136,0.04861391034191248,0.06392261000582711,311303.15323992993,0.006375130827211163
LCMultipleFragmentTestFolder/Multiple_Fragment_Example_20201217_06_Methionine M3 Frag 250 uM 2e5 NCE 60_02.xlsx,105.1,D/13C,0,0.021583957919186415,0.007368905155498938,0.00021805694076079517,0.010102731926055136,0.04861391034191248,0.06392261000582711,311303.15323992993,0.006375130827211163
LCMultipleFragmentTestFolder/Multiple_Fragment_Example_20201217_06_Methionine M3 Frag 250 uM 2e5 NCE 60_03.xlsx,105.1,D/13C,0,0.021583957919186415,0.007368905155498938,0.00021805694076079517,0.010102731926055136,0.04861391034191248,0.06392261000582711,311303.15323992993,0.006375130827211163
LCMultipleFragmentTestFolder/Multiple_Fragment_Example_20201217_06_Methionine M3 Frag 250 uM 2e5 NCE 60_01.xlsx,105.1,Unsub/13C,0,0.24812889179039269,0.023923057485018006,0.00070791910314314,0.002853029721912255,0.04861391034191248,0.06392261000582711,311303.15323992993,0.0020777880188735946
LCMultipleFragmentTestFolder/Multiple_Fragment_Example_20201217_06_Methionine M3 Frag 250 uM 2e5 NCE 60_02.xlsx,105.1,Unsub/13C,0,0.24812889179039269,0.023923057485018006,0.00070791910314314,0.002853029721912255,0.04861391034191248,0.06392261000582711,311303.15323992993,0.0020777880188735946
LCMultipleFragmentTestFolder/Multiple_Fragment_Example_20201217_06_Methionine M3 Frag 250 uM 2e5 NCE 60_03.xlsx,105.1,Unsub/13C,0,0.24812889179039269,0.023923057485018006,0.00070791910314314,0.002853029721912255,0.04861391034191248,0.06392261000582711,311303.15323992993,0.0020777880188735946
LCMultipleFragmentTestFolder/Multiple_Fragment_Example_20201217_06_Methionine M3 Frag 250 uM 2e5 NCE 60_01.xlsx,107.1,13C/13C-34S,0,0.0878450109168236,0.009820903051257655,0.0002906152311198534,0.0033082724685983994,0.04861391034191248,0.06392261000582711,311303.15323992993,0.002484428444980986
LCMultipleFragmentTestFolder/Multiple_Fragment_Example_20201217_06_Methionine M3 Frag 250 uM 2e5 NCE 60_02.xlsx,107.1,13C/13C-34S,0,0.0878450109168236,0.009820903051257655,0.0002906152311198534,0.0033082724685983994,0.04861391034191248,0.06392261000582711,311303.15323992993,0.002484428444980986
LCMultipleFragmentTestFolder/Multiple_Fragment_Example_20201217_06_Methionine M3 Frag 250 uM 2e5 NCE 60_03.xlsx,107.1,13C/13C-34S,0,0.0878450109168236,0.009820903051257655,0.0002906152311198534,0.0033082724685983994,0.04861391034191248,0.06392261000582711,311303.15323992993,0.002484428444980986
LCMultipleFragmentTestFolder/Multiple_Fragment_Example_20201217_06_Methionine M3 Frag 250 uM 2e5 NCE 60_01.xlsx,107.1,15N-34S/13C-34S,0,0.07441764080750377,0.009104841676489854,0.00026942590251758237,0.003620457455974811,0.04861391034191248,0.06392261000582711,311303.15323992993,0.002682421689410292
LCMultipleFragmentTestFolder/Multiple_Fragment_Example_20201217_06_Methionine M3 Frag 250 uM 2e5 NCE 60_02.xlsx,107.1,15N-34S/13C-34S,0,0.07441764080750377,0.009104841676489854,0.00026942590251758237,0.003620457455974811,0.04861391034191248,0.06392261000582711,311303.15323992993,0.002682421689410292
LCMultipleFragmentTestFolder/Multiple_Fragment_Example_20201217_06_Methionine M3 Frag 250 uM 2e5 NCE 60_03.xlsx,107.1,15N-34S/13C-34S,0,0.07441764080750377,0.009104841676489854,0.00026942590251758237,0.003620457455974811,0.04861391034191248,0.06392261000582711,311303.15323992993,0.002682421689410292
LCMultipleFragmentTestFolder/Multiple_Fragment_Example_20201217_06_Methionine M3 Frag 250 uM 2e5 NCE 60_01.xlsx,107.1,33S/13C-34S,0,0.013924201753417183,0.004325873500729973,0.0001280090762171712,0.009193279333643386,0.04861391034191248,0.06392261000582711,311303.15323992993,0.006025087877701517
LCMultipleFragmentTestFolder/Multiple_Fragment_Example_20201217_06_Methionine M3 Frag 250 uM 2e5 NCE 60_02.xlsx,107.1,33S/13C-34S,0,0.013924201753417183,0.004325873500729973,0.0001280090762171712,0.009193279333643386,0.04861391034191248,0.06392261000582711,311303.15323992993,0.006025087877701517
LCMultipleFragmentTestFolder/Multiple_Fragment_Example_20201217_06_Methionine M3 Frag 250 uM 2e5 NCE 60_03.xlsx,107.1,33S/13C-34S,0,0.013924201753417183,0.004325873500729973,0.0001280090762171712,0.009193279333643386,0.04861391034191248,0.06392261000582711,311303.15323992993,0.006025087877701517
LCMultipleFragmentTestFolder/Multiple_Fragment_Example_20201217_06_Methionine M3 Frag 250 uM 2e5 NCE 60_01.xlsx,107.1,34S/13C-34S,0,0.2609119412836571,0.018848840109270643,0.0005577654107883057,0.0021377534812863043,0.04861391034191248,0.06392261000582711,311303.15323992993,0.0015518422627496052
LCMultipleFragmentTestFolder/Multiple_Fragment_Example_20201217_06_Methionine M3 Frag 250 uM 2e5 NCE 60_02.xlsx,107.1,34S/13C-34S,0,0.2609119412836571,0.018848840109270643,0.0005577654107883057,0.0021377534812863043,0.04861391034191248,0.06392261000582711,311303.15323992993,0.0015518422627496052
LCMultipleFragmentTestFolder/Multiple_Fragment_Example_20201217_06_Methionine M3 Frag 250 uM 2e5 NCE 60_03.xlsx,107.1,34S/13C-34S,0,0.2609119412836571,0.018848840109270643,0.0005577654107883057,0.0021377534812863043,0.04861391034191248,0.06392261000582711,311303.15323992993,0.0015518422627496052
LCMultipleFragmentTestFolder/Multiple_Fragment_Example_20201217_06_Methionine M3 Frag 250 uM 2e5 NCE 60_01.xlsx,107.1,D-34S/13C-34S,0,0.03139824845867616,0.005889000816978213,0.000174264354770508,0.005550129810580379,0.04861391034191248,0.06392261000582711,311303.15323992993,0.004047252879673093
LCMultipleFragmentTestFolder/Multiple_Fragment_Example_20201217_06_Methionine M3 Frag 250 uM 2e5 NCE 60_02.xlsx,107.1,D-34S/13C-34S,0,0.03139824845867616,0.005889000816978213,0.000174264354770508,0.005550129810580379,0.04861391034191248,0.06392261000582711,311303.15323992993,0.004047252879673093
LCMultipleFragmentTestFolder/Multiple_Fragment_Example_20201217_06_Methionine M3 Frag 250 uM 2e5 NCE 60_03.xlsx,107.1,D-34S/13C-34S,0,0.03139824845867616,0.005889000816978213,0.000174264354770508,0.005550129810580379,0.04861391034191248,0.06392261000582711,311303.15323992993,0.004047252879673093
LCMultipleFragmentTestFolder/Multiple_Fragment_Example_20201217_06_Methionine M3 Frag 250 uM 2e5 NCE 60_01.xlsx,107.1,Unsub/13C-34S,0,0.020731662896939354,0.004492945431698438,0.00013295298489630463,0.006413040070988839,0.04861391034191248,0.06392261000582711,311303.15323992993,0.00495250213443875
LCMultipleFragmentTestFolder/Multiple_Fragment_Example_20201217_06_Methionine M3 Frag 250 uM 2e5 NCE 60_02.xlsx,107.1,Unsub/13C-34S,0,0.020731662896939354,0.004492945431698438,0.00013295298489630463,0.006413040070988839,0.04861391034191248,0.06392261000582711,311303.15323992993,0.00495250213443875
LCMultipleFragmentTestFolder/Multiple_Fragment_Example_20201217_06_Methionine M3 Frag 250 uM 2e5 NCE 60_03.xlsx,107.1,Unsub/13C-34S,0,0.020731662896939354,0.004492945431698438,0.00013295298489630463,0.006413040070988839,0.04861391034191248,0.06392261000582711,311303.15323992993,0.00495250213443875
LCMultipleFragmentTestFolder/Multiple_Fragment_Example_20201217_06_Methionine M3 Frag 250 uM 2e5 NCE 60_01.xlsx,136.0,13C-18O/13C-34S,0,0.08238697168239356,0.01048850980662832,0.00031037071495841704,0.0037672305295419002,0.04861391034191248,0.06392261000582711,311303.15323992993,0.002935350153514223
LCMultipleFragmentTestFolder/Multiple_Fragment_Example_20201217_06_Methionine M3 Frag 250 uM 2e5 NCE 60_02.xlsx,136.0,13C-18O/13C-34S,0,0.08238697168239356,0.01048850980662832,0.00031037071495841704,0.0037672305295419002,0.04861391034191248,0.06392261000582711,311303.15323992993,0.002935350153514223
LCMultipleFragmentTestFolder/Multiple_Fragment_Example_20201217_06_Methionine M3 Frag 250 uM 2e5 NCE 60_03.xlsx,136.0,13C-18O/13C-34S,0,0.08238697168239356,0.01048850980662832,0.00031037071495841704,0.0037672305295419002,0.04861391034191248,0.06392261000582711,311303.15323992993,0.002935350153514223
LCMultipleFragmentTestFolder/Multiple_Fragment_Example_20201217_06_Methionine M3 Frag 250 uM 2e5 NCE 60_01.xlsx,136.0,18O-33S/13C-34S,0,0.009579734010508467,0.004704426129024726,0.0001392110154877986,0.014531824718211529,0.04861391034191248,0.06392261000582711,311303.15323992993,0.00830805216847208
LCMultipleFragmentTestFolder/Multiple_Fragment_Example_20201217_06_Methionine M3 Frag 250 uM 2e5 NCE 60_02.xlsx,136.0,18O-33S/13C-34S,0,0.009579734010508467,0.004704426129024726,0.0001392110154877986,0.014531824718211529,0.04861391034191248,0.06392261000582711,311303.15323992993,0.00830805216847208
LCMultipleFragmentTestFolder/Multiple_Fragment_Example_20201217_06_Methionine M3 Frag 250 uM 2e5 NCE 60_03.xlsx,136.0,18O-33S/13C-34S,0,0.009579734010508467,0.004704426129024726,0.0001392110154877986,0.014531824718211529,0.04861391034191248,0.06392261000582711,311303.15323992993,0.00830805216847208
LCMultipleFragmentTestFolder/Multiple_Fragment_Example_20201217_06_Methionine M3 Frag 250 uM 2e5 NCE 60_01.xlsx,136.0,34S/13C-34S,0,0.06997576056936627,0.010001030421633703,0.00029594546980560673,0.004229256922648792,0.04861391034191248,0.06392261000582711,311303.15323992993,0.003167576647376066
LCMultipleFragmentTestFolder/Multiple_Fragment_Example_20201217_06_Methionine M3 Frag 250 uM 2e5 NCE 60_02.xlsx,136.0,34S/13C-34S,0,0.06997576056936627,0.010001030421633703,0.00029594546980560673,0.004229256922648792,0.04861391034191248,0.06392261000582711,311303.15323992993,0.003167576647376066
LCMultipleFragmentTestFolder/Multiple_Fragment_Example_20201217_06_Methionine M3 Frag 250 uM 2e5 NCE 60_03.xlsx,136.0,34S/13C-34S,0,0.06997576056936627,0.010001030421633703,0.00029594546980560673,0.004229256922648792,0.04861391034191248,0.06392261000582711,311303.15323992993,0.003167576647376066
LCMultipleFragmentTestFolder/Multiple_Fragment_Example_20201217_06_Methionine M3 Frag 250 uM 2e5 NCE 60_01.xlsx,136.0,D-34S/13C-34S,0,0.020145535278382618,0.005971488866857864,0.00017670529971775814,0.008771437307370712,0.04861391034191248,0.06392261000582711,311303.15323992993,0.005765964897765802
LCMultipleFragmentTestFolder/Multiple_Fragment_Example_20201217_06_Methionine M3 Frag 250 uM 2e5 NCE 60_02.xlsx,136.0,D-34S/13C-34S,0,0.020145535278382618,0.005971488866857864,0.00017670529971775814,0.008771437307370712,0.04861391034191248,0.06392261000582711,311303.15323992993,0.005765964897765802
LCMultipleFragmentTestFolder/Multiple_Fragment_Example_20201217_06_Methionine M3 Frag 250 uM 2e5 NCE 60_03.xlsx,136.0,D-34S/13C-34S,0,0.020145535278382618,0.005971488866857864,0.00017670529971775814,0.008771437307370712,0.04861391034191248,0.06392261000582711,311303.15323992993,0.005765964897765802
LCMultipleFragmentTestFolder/Multiple_Fragment_Example_20201217_06_Methionine M3 Frag 250 uM 2e5 NCE 60_01.xlsx,57.1,15N/13C,0,0.11014206882097537,0.005437196490395274,0.00016089478803050887,0.001460793225992757,0.04861391034191248,0.06392261000582711,311303.15323992993,0.0010648235500008555
LCMultipleFragmentTestFolder/Multiple_Fragment_Example_20201217_06_Methionine M3 Frag 250 uM 2e5 NCE 60_02.xlsx,57.1,15N/13C,0,0.11014206882097537,0.005437196490395274,0.00016089478803050887,0.001460793225992757,0.04861391034191248,0.06392261000582711,311303.15323992993,0.0010648235500008555
LCMultipleFragmentTestFolder/Multiple_Fragment_Example_20201217_06_Methionine M3 Frag 250 uM 2e5 NCE 60_03.xlsx,57.1,15N/13C,0,0.11014206882097537,0.005437196490395274,0.00016089478803050887,0.001460793225992757,0.04861391034191248,0.06392261000582711,311303.15323992993,0.0010648235500008555
LCMultipleFragmentTestFolder/Multiple_Fragment_Example_20201217_06_Methionine M3 Frag 250 uM 2e5 NCE 60_01.xlsx,57.1,D/13C,0,0.02428036993181238,0.002728417270770144,8.073795368896596e-05,0.0033252357322275513,0.04861391034191248,0.06392261000582711,311303.15323992993,0.002178751217603949
LCMultipleFragmentTestFolder/Multiple_Fragment_Example_20201217_06_Methionine M3 Frag 250 uM 2e5 NCE 60_02.xlsx,57.1,D/13C,0,0.02428036993181238,0.002728417270770144,8.073795368896596e-05,0.0033252357322275513,0.04861391034191248,0.06392261000582711,311303.15323992993,0.002178751217603949
LCMultipleFragmentTestFolder/Multiple_Fragment_Example_20201217_06_Methionine M3 Frag 250 uM 2e5 NCE 60_03.xlsx,57.1,D/13C,0,0.02428036993181238,0.002728417270770144,8.073795368896596e-05,0.0033252357322275513,0.04861391034191248,0.06392261000582711,311303.15323992993,0.002178751217603949
LCMultipleFragmentTestFolder/Multiple_Fragment_Example_20201217_06_Methionine M3 Frag 250 uM 2e5 NCE 60_01.xlsx,57.1,Unsub/13C,0,0.692448373587355,0.017057839162090714,0.0005047670101846139,0.0007289597743866109,0.04861391034191248,0.06392261000582711,311303.15323992993,0.0005243604243095548
LCMultipleFragmentTestFolder/Multiple_Fragment_Example_20201217_06_Methionine M3 Frag 250 uM 2e5 NCE 60_02.xlsx,57.1,Unsub/13C,0,0.692448373587355,0.017057839162090714,0.0005047670101846139,0.0007289597743866109,0.04861391034191248,0.06392261000582711,311303.15323992993,0.0005243604243095548
LCMultipleFragmentTestFolder/Multiple_Fragment_Example_20201217_06_Methionine M3 Frag 250 uM 2e5 NCE 60_03.xlsx,57.1,Unsub/13C,0,0.692448373587355,0.017057839162090714,0.0005047670101846139,0.0007289597743866109,0.04861391034191248,0.06392261000582711,311303.15323992993,0.0005243604243095548
LCMultipleFragmentTestFolder/Multiple_Fragment_Example_20201217_06_Methionine M3 Frag 250 uM 2e5 NCE 60_01.xlsx,64.0,13C-34S/34S,0,0.5788280018070472,0.016127339137140918,0.00047723212073540135,0.0008244800169403123,0.04861391034191248,0.06392261000582711,311303.15323992993,0.0006096791733024764
LCMultipleFragmentTestFolder/Multiple_Fragment_Example_20201217_06_Methionine M3 Frag 250 uM 2e5 NCE 60_02.xlsx,64.0,13C-34S/34S,0,0.5788280018070472,0.016127339137140918,0.00047723212073540135,0.0008244800169403123,0.04861391034191248,0.06392261000582711,311303.15323992993,0.0006096791733024764
LCMultipleFragmentTestFolder/Multiple_Fragment_Example_20201217_06_Methionine M3 Frag 250 uM 2e5 NCE 60_03.xlsx,64.0,13C-34S/34S,0,0.5788280018070472,0.016127339137140918,0.00047723212073540135,0.0008244800169403123,0.04861391034191248,0.06392261000582711,311303.15323992993,0.0006096791733024764
LCMultipleFragmentTestFolder/Multiple_Fragment_Example_20201217_06_Methionine M3 Frag 250 uM 2e5 NCE 60_01.xlsx,64.0,13C/34S,0,0.0544251726530076,0.004366354853313645,0.00012920698007344046,0.0023740297692248172,0.04861391034191248,0.06392261000582711,311303.15323992993,0.0016248024062674158
LCMultipleFragmentTestFolder/Multiple_Fragment_Example_20201217_06_Methionine M3 Frag 250 uM 2e5 NCE 60_02.xlsx,64.0,13C/34S,0,0.0544251726530076,0.004366354853313645,0.00012920698007344046,0.0023740297692248172,0.04861391034191248,0.06392261000582711,311303.15323992993,0.0016248024062674158
LCMultipleFragmentTestFolder/Multiple_Fragment_Example_20201217_06_Methionine M3 Frag 250 uM 2e5 NCE 60_03.xlsx,64.0,13C/34S,0,0.0544251726530076,0.004366354853313645,0.00012920698007344046,0.0023740297692248172,0.04861391034191248,0.06392261000582711,311303.15323992993,0.0016248024062674158
LCMultipleFragmentTestFolder/Multiple_Fragment_Example_20201217_06_Methionine M3 Frag 250 uM 2e5 NCE 60_01.xlsx,64.0,33S/34S,0,0.017576234031861728,0.0023416904140556695,6.929412675596929e-05,0.003942489991334591,0.04861391034191248,0.06392261000582711,311303.15323992993,0.002809685552566468
LCMultipleFragmentTestFolder/Multiple_Fragment_Example_20201217_06_Methionine M3 Frag 250 uM 2e5 NCE 60_02.xlsx,64.0,33S/34S,0,0.017576234031861728,0.0023416904140556695,6.929412675596929e-05,0.003942489991334591,0.04861391034191248,0.06392261000582711,311303.15323992993,0.002809685552566468
LCMultipleFragmentTestFolder/Multiple_Fragment_Example_20201217_06_Methionine M3 Frag 250 uM 2e5 NCE 60_03.xlsx,64.0,33S/34S,0,0.017576234031861728,0.0023416904140556695,6.929412675596929e-05,0.003942489991334591,0.04861391034191248,0.06392261000582711,311303.15323992993,0.002809685552566468
LCMultipleFragmentTestFolder/Multiple_Fragment_Example_20201217_06_Methionine M3 Frag 250 uM 2e5 NCE 60_01.xlsx,64.0,D-34S/34S,0,0.016759777009292997,0.0022848722224888,6.761279136472913e-05,0.004034229770911573,0.04861391034191248,0.06392261000582711,311303.15323992993,0.0028754430779692236
LCMultipleFragmentTestFolder/Multiple_Fragment_Example_20201217_06_Methionine M3 Frag 250 uM 2e5 NCE 60_02.xlsx,64.0,D-34S/34S,0,0.016759777009292997,0.0022848722224888,6.761279136472913e-05,0.004034229770911573,0.04861391034191248,0.06392261000582711,311303.15323992993,0.0028754430779692236
LCMultipleFragmentTestFolder/Multiple_Fragment_Example_20201217_06_Methionine M3 Frag 250 uM 2e5 NCE 60_03.xlsx,64.0,D-34S/34S,0,0.016759777009292997,0.0022848722224888,6.761279136472913e-05,0.004034229770911573,0.04861391034191248,0.06392261000582711,311303.15323992993,0.0028754430779692236
LCMultipleFragmentTestFolder/Multiple_Fragment_Example_20201217_06_Methionine M3 Frag 250 uM 2e5 NCE 60_01.xlsx,64.0,Unsub/34S,0,0.08720034234913555,0.00532928401513906,0.00015770149625544304,0.0018084962972281999,0.04861391034191248,0.06392261000582711,311303.15323992993,0.00130341443961071
LCMultipleFragmentTestFolder/Multiple_Fragment_Example_20201217_06_Methionine M3 Frag 250 uM 2e5 NCE 60_02.xlsx,64.0,Unsub/34S,0,0.08720034234913555,0.00532928401513906,0.00015770149625544304,0.0018084962972281999,0.04861391034191248,0.06392261000582711,311303.15323992993,0.00130341443961071
LCMultipleFragmentTestFolder/Multiple_Fragment_Example_20201217_06_Methionine M3 Frag 250 uM 2e5 NCE 60_03.xlsx,64.0,Unsub/34S,0,0.08720034234913555,0.00532928401513906,0.00015770149625544304,0.0018084962972281999,0.04861391034191248,0.06392261000582711,311303.15323992993,0.00130341443961071
LCMultipleFragmentTestFolder/Multiple_Fragment_Example_20201217_06_Methionine M3 Frag 250 uM 2e5 NCE 60_01.xlsx,77.0,13C-18O/Unsub,0,0.04554870547000721,0.01239408084436674,0.00036675941614580247,0.008052027217048029,0.07069715722465322,0.08210505888964459,310478.6970227671,0.005552011706464349
LCMultipleFragmentTestFolder/Multiple_Fragment_Example_20201217_06_Methionine M3 Frag 250 uM 2e5 NCE 60_02.xlsx,77.0,13C-18O/Unsub,0,0.04554870547000721,0.01239408084436674,0.00036675941614580247,0.008052027217048029,0.07069715722465322,0.08210505888964459,310478.6970227671,0.005552011706464349
LCMultipleFragmentTestFolder/Multiple_Fragment_Example_20201217_06_Methionine M3 Frag 250 uM 2e5 NCE 60_03.xlsx,77.0,13C-18O/Unsub,0,0.04554870547000721,0.01239408084436674,0.00036675941614580247,0.008052027217048029,0.07069715722465322,0.08210505888964459,310478.6970227671,0.005552011706464349
LCMultipleFragmentTestFolder/Multiple_Fragment_Example_20201217_06_Methionine M3 Frag 250 uM 2e5 NCE 60_01.xlsx,77.0,13C/Unsub,0,0.6409641102164231,0.059600843555047175,0.0017636782314504327,0.002751602162022648,0.07069715722465322,0.08210505888964459,310478.6970227671,0.001854250820146016
LCMultipleFragmentTestFolder/Multiple_Fragment_Example_20201217_06_Methionine M3 Frag 250 uM 2e5 NCE 60_02.xlsx,77.0,13C/Unsub,0,0.6409641102164231,0.059600843555047175,0.0017636782314504327,0.002751602162022648,0.07069715722465322,0.08210505888964459,310478.6970227671,0.001854250820146016
LCMultipleFragmentTestFolder/Multiple_Fragment_Example_20201217_06_Methionine M3 Frag 250 uM 2e5 NCE 60_03.xlsx,77.0,13C/Unsub,0,0.6409641102164231,0.059600843555047175,0.0017636782314504327,0.002751602162022648,0.07069715722465322,0.08210505888964459,310478.6970227671,0.001854250820146016
LCMultipleFragmentTestFolder/Multiple_Fragment_Example_20201217_06_Methionine M3 Frag 250 uM 2e5 NCE 60_01.xlsx,77.0,15N/Unsub,0,0.09289721037584629,0.0171535402386358,0.0005075989483814794,0.0054640924773501865,0.07069715722465322,0.08210505888964459,310478.6970227671,0.003977727509241624
LCMultipleFragmentTestFolder/Multiple_Fragment_Example_20201217_06_Methionine M3 Frag 250 uM 2e5 NCE 60_02.xlsx,77.0,15N/Unsub,0,0.09289721037584629,0.0171535402386358,0.0005075989483814794,0.0054640924773501865,0.07069715722465322,0.08210505888964459,310478.6970227671,0.003977727509241624
LCMultipleFragmentTestFolder/Multiple_Fragment_Example_20201217_06_Methionine M3 Frag 250 uM 2e5 NCE 60_03.xlsx,77.0,15N/Unsub,0,0.09289721037584629,0.0171535402386358,0.0005075989483814794,0.0054640924773501865,0.07069715722465322,0.08210505888964459,310478.6970227671,0.003977727509241624
LCMultipleFragmentTestFolder/Multiple_Fragment_Example_20201217_06_Methionine M3 Frag 250 uM 2e5 NCE 60_01.xlsx,77.0,17O/Unsub,0,0.01523449380319513,0.011124678617321443,0.00032919590292594805,0.02160858819325561,0.07069715722465322,0.08210505888964459,310478.6970227671,0.009459482433869739
LCMultipleFragmentTestFolder/Multiple_Fragment_Example_20201217_06_Methionine M3 Frag 250 uM 2e5 NCE 60_02.xlsx,77.0,17O/Unsub,0,0.01523449380319513,0.011124678617321443,0.00032919590292594805,0.02160858819325561,0.07069715722465322,0.08210505888964459,310478.6970227671,0.009459482433869739
LCMultipleFragmentTestFolder/Multiple_Fragment_Example_20201217_06_Methionine M3 Frag 250 uM 2e5 NCE 60_03.xlsx,77.0,17O/Unsub,0,0.01523449380319513,0.011124678617321443,0.00032919590292594805,0.02160858819325561,0.07069715722465322,0.08210505888964459,310478.6970227671,0.009459482433869739
LCMultipleFragmentTestFolder/Multiple_Fragment_Example_20201217_06_Methionine M3 Frag 250 uM 2e5 NCE 60_01.xlsx,77.0,18O/Unsub,0,0.08922073191776704,0.015654480024212995,0.00046323951133141384,0.0051920613222313896,0.07069715722465322,0.08210505888964459,310478.6970227671,0.004050618295346675
LCMultipleFragmentTestFolder/Multiple_Fragment_Example_20201217_06_Methionine M3 Frag 250 uM 2e5 NCE 60_02.xlsx,77.0,18O/Unsub,0,0.08922073191776704,0.015654480024212995,0.00046323951133141384,0.0051920613222313896,0.07069715722465322,0.08210505888964459,310478.6970227671,0.004050618295346675
LCMultipleFragmentTestFolder/Multiple_Fragment_Example_20201217_06_Methionine M3 Frag 250 uM 2e5 NCE 60_03.xlsx,77.0,18O/Unsub,0,0.08922073191776704,0.015654480024212995,0.00046323951133141384,0.0051920613222313896,0.07069715722465322,0.08210505888964459,310478.6970227671,0.004050618295346675
LCMultipleFragmentTestFolder/Multiple_Fragment_Example_20201217_06_Methionine M3 Frag 250 uM 2e5 NCE 60_01.xlsx,77.0,D/Unsub,0,0.009169276890033377,0.009743730731448824,0.00028833158658734506,0.03144540077099749,0.07069715722465322,0.08210505888964459,310478.6970227671,0.01215283747472408
LCMultipleFragmentTestFolder/Multiple_Fragment_Example_20201217_06_Methionine M3 Frag 250 uM 2e5 NCE 60_02.xlsx,77.0,D/Unsub,0,0.009169276890033377,0.009743730731448824,0.00028833158658734506,0.03144540077099749,0.07069715722465322,0.08210505888964459,310478.6970227671,0.01215283747472408
LCMultipleFragmentTestFolder/Multiple_Fragment_Example_20201217_06_Methionine M3 Frag 250 uM 2e5 NCE 60_03.xlsx,77.0,D/Unsub,0,0.009169276890033377,0.009743730731448824,0.00028833158658734506,0.03144540077099749,0.07069715722465322,0.08210505888964459,310478.6970227671,0.01215283747472408
LCMultipleFragmentTestFolder/Multiple_Fragment_Example_20201217_06_Methionine M3 Frag 250 uM 2e5 NCE 60_01.xlsx,77.1,13C-18O/13C,0,0.024235841096941046,0.01755318144372812,0.0005194249302261987,0.021432098359968142,0.6347043254597406,0.6365442903957369,223475.03940455342,0.009450191317626096
LCMultipleFragmentTestFolder/Multiple_Fragment_Example_20201217_06_Methionine M3 Frag 250 uM 2e5 NCE 60_02.xlsx,77.1,13C-18O/13C,0,0.024235841096941046,0.01755318144372812,0.0005194249302261987,0.021432098359968142,0.6347043254597406,0.6365442903957369,223475.03940455342,0.009450191317626096
LCMultipleFragmentTestFolder/Multiple_Fragment_Example_20201217_06_Methionine M3 Frag 250 uM 2e5 NCE 60_03.xlsx,77.1,13C-18O/13C,0,0.024235841096941046,0.01755318144372812,0.0005194249302261987,0.021432098359968142,0.6347043254597406,0.6365442903957369,223475.03940455342,0.009450191317626096
LCMultipleFragmentTestFolder/Multiple_Fragment_Example_20201217_06_Methionine M3 Frag 250 uM 2e5 NCE 60_01.xlsx,77.1,15N/13C,0,0.09433411676186775,0.021368161457593883,0.000632315902946395,0.006702939770375772,0.6347043254597406,0.6365442903957369,223475.03940455342,0.004956134945087265
LCMultipleFragmentTestFolder/Multiple_Fragment_Example_20201217_06_Methionine M3 Frag 250 uM 2e5 NCE 60_02.xlsx,77.1,15N/13C,0,0.09433411676186775,0.021368161457593883,0.000632315902946395,0.006702939770375772,0.6347043254597406,0.6365442903957369,223475.03940455342,0.004956134945087265
LCMultipleFragmentTestFolder/Multiple_Fragment_Example_20201217_06_Methionine M3 Frag 250 uM 2e5 NCE 60_03.xlsx,77.1,15N/13C,0,0.09433411676186775,0.021368161457593883,0.000632315902946395,0.006702939770375772,0.6347043254597406,0.6365442903957369,223475.03940455342,0.004956134945087265
LCMultipleFragmentTestFolder/Multiple_Fragment_Example_20201217_06_Methionine M3 Frag 250 uM 2e5 NCE 60_01.xlsx,77.1,17O/13C,0,0.0075738150249249955,0.013550157756128646,0.0004009694635467885,0.052941544284778645,0.6347043254597406,0.6365442903957369,223475.03940455342,0.016603153075980835
LCMultipleFragmentTestFolder/Multiple_Fragment_Example_20201217_06_Methionine M3 Frag 250 uM 2e5 NCE 60_02.xlsx,77.1,17O/13C,0,0.0075738150249249955,0.013550157756128646,0.0004009694635467885,0.052941544284778645,0.6347043254597406,0.6365442903957369,223475.03940455342,0.016603153075980835
LCMultipleFragmentTestFolder/Multiple_Fragment_Example_20201217_06_Methionine M3 Frag 250 uM 2e5 NCE 60_03.xlsx,77.1,17O/13C,0,0.0075738150249249955,0.013550157756128646,0.0004009694635467885,0.052941544284778645,0.6347043254597406,0.6365442903957369,223475.03940455342,0.016603153075980835
LCMultipleFragmentTestFolder/Multiple_Fragment_Example_20201217_06_Methionine M3 Frag 250 uM 2e5 NCE 60_01.xlsx,77.1,18O/13C,0,0.020863531516326448,0.017208093102560107,0.0005092132493347489,0.02440685791551021,0.6347043254597406,0.6365442903957369,223475.03940455342,0.01016357451320809
LCMultipleFragmentTestFolder/Multiple_Fragment_Example_20201217_06_Methionine M3 Frag 250 uM 2e5 NCE 60_02.xlsx,77.1,18O/13C,0,0.020863531516326448,0.017208093102560107,0.0005092132493347489,0.02440685791551021,0.6347043254597406,0.6365442903957369,223475.03940455342,0.01016357451320809
LCMultipleFragmentTestFolder/Multiple_Fragment_Example_20201217_06_Methionine M3 Frag 250 uM 2e5 NCE 60_03.xlsx,77.1,18O/13C,0,0.020863531516326448,0.017208093102560107,0.0005092132493347489,0.02440685791551021,0.6347043254597406,0.6365442903957369,223475.03940455342,0.01016357451320809
LCMultipleFragmentTestFolder/Multiple_Fragment_Example_20201217_06_Methionine M3 Frag 250 uM 2e5 NCE 60_01.xlsx,77.1,D/13C,0,0.022095952206949505,0.017045921720247003,0.0005044143552304115,0.022828360167785198,0.6347043254597406,0.6365442903957369,223475.03940455342,0.009895471256744438
LCMultipleFragmentTestFolder/Multiple_Fragment_Example_20201217_06_Methionine M3 Frag 250 uM 2e5 NCE 60_02.xlsx,77.1,D/13C,0,0.022095952206949505,0.017045921720247003,0.0005044143552304115,0.022828360167785198,0.6347043254597406,0.6365442903957369,223475.03940455342,0.009895471256744438
LCMultipleFragmentTestFolder/Multiple_Fragment_Example_20201217_06_Methionine M3 Frag 250 uM 2e5 NCE 60_03.xlsx,77.1,D/13C,0,0.022095952206949505,0.017045921720247003,0.0005044143552304115,0.022828360167785198,0.6347043254597406,0.6365442903957369,223475.03940455342,0.009895471256744438
LCMultipleFragmentTestFolder/Multiple_Fragment_Example_20201217_06_Methionine M3 Frag 250 uM 2e5 NCE 60_01.xlsx,77.1,Unsub/13C,0,0.6648655464217907,0.07489292881321656,0.0022161939388566157,0.0033332964097535925,0.6347043254597406,0.6365442903957369,223475.03940455342,0.0023005738404656612
LCMultipleFragmentTestFolder/Multiple_Fragment_Example_20201217_06_Methionine M3 Frag 250 uM 2e5 NCE 60_02.xlsx,77.1,Unsub/13C,0,0.6648655464217907,0.07489292881321656,0.0022161939388566157,0.0033332964097535925,0.6347043254597406,0.6365442903957369,223475.03940455342,0.0023005738404656612
LCMultipleFragmentTestFolder/Multiple_Fragment_Example_20201217_06_Methionine M3 Frag 250 uM 2e5 NCE 60_03.xlsx,77.1,Unsub/13C,0,0.6648655464217907,0.07489292881321656,0.0022161939388566157,0.0033332964097535925,0.6347043254597406,0.6365442903957369,223475.03940455342,0.0023005738404656612
LCMultipleFragmentTestFolder/Multiple_Fragment_Example_20201217_06_Methionine M3 Frag 250 uM 2e5 NCE 60_01.xlsx,90.0,13C/13C-34S,0,0.07791051840049455,0.010932618330148428,0.0003235125513589469,0.00415236040011888,0.12889108344859104,0.1354573425092347,307020.77495621715,0.0030545404089415778
LCMultipleFragmentTestFolder/Multiple_Fragment_Example_20201217_06_Methionine M3 Frag 250 uM 2e5 NCE 60_02.xlsx,90.0,13C/13C-34S,0,0.07791051840049455,0.010932618330148428,0.0003235125513589469,0.00415236040011888,0.12889108344859104,0.1354573425092347,307020.77495621715,0.0030545404089415778
LCMultipleFragmentTestFolder/Multiple_Fragment_Example_20201217_06_Methionine M3 Frag 250 uM 2e5 NCE 60_03.xlsx,90.0,13C/13C-34S,0,0.07791051840049455,0.010932618330148428,0.0003235125513589469,0.00415236040011888,0.12889108344859104,0.1354573425092347,307020.77495621715,0.0030545404089415778
LCMultipleFragmentTestFolder/Multiple_Fragment_Example_20201217_06_Methionine M3 Frag 250 uM 2e5 NCE 60_01.xlsx,90.0,33S/13C-34S,0,0.012312774304964302,0.005534308953312427,0.00016376849126411045,0.013300697893738032,0.12889108344859104,0.1354573425092347,307020.77495621715,0.007446240184104025
LCMultipleFragmentTestFolder/Multiple_Fragment_Example_20201217_06_Methionine M3 Frag 250 uM 2e5 NCE 60_02.xlsx,90.0,33S/13C-34S,0,0.012312774304964302,0.005534308953312427,0.00016376849126411045,0.013300697893738032,0.12889108344859104,0.1354573425092347,307020.77495621715,0.007446240184104025
LCMultipleFragmentTestFolder/Multiple_Fragment_Example_20201217_06_Methionine M3 Frag 250 uM 2e5 NCE 60_03.xlsx,90.0,33S/13C-34S,0,0.012312774304964302,0.005534308953312427,0.00016376849126411045,0.013300697893738032,0.12889108344859104,0.1354573425092347,307020.77495621715,0.007446240184104025
LCMultipleFragmentTestFolder/Multiple_Fragment_Example_20201217_06_Methionine M3 Frag 250 uM 2e5 NCE 60_01.xlsx,90.0,34S-D/13C-34S,0,0.018187838925101646,0.005983519186603433,0.00017706129489814603,0.00973514751407754,0.12889108344859104,0.1354573425092347,307020.77495621715,0.006145412746423969
LCMultipleFragmentTestFolder/Multiple_Fragment_Example_20201217_06_Methionine M3 Frag 250 uM 2e5 NCE 60_02.xlsx,90.0,34S-D/13C-34S,0,0.018187838925101646,0.005983519186603433,0.00017706129489814603,0.00973514751407754,0.12889108344859104,0.1354573425092347,307020.77495621715,0.006145412746423969
LCMultipleFragmentTestFolder/Multiple_Fragment_Example_20201217_06_Methionine M3 Frag 250 uM 2e5 NCE 60_03.xlsx,90.0,34S-D/13C-34S,0,0.018187838925101646,0.005983519186603433,0.00017706129489814603,0.00973514751407754,0.12889108344859104,0.1354573425092347,307020.77495621715,0.006145412746423969
LCMultipleFragmentTestFolder/Multiple_Fragment_Example_20201217_06_Methionine M3 Frag 250 uM 2e5 NCE 60_01.xlsx,90.0,34S/13C-34S,0,0.3517744488637021,0.026226504439472685,0.000776081548648133,0.0022061907883162714,0.12889108344859104,0.1354573425092347,307020.77495621715,0.001609671972227824
LCMultipleFragmentTestFolder/Multiple_Fragment_Example_20201217_06_Methionine M3 Frag 250 uM 2e5 NCE 60_02.xlsx,90.0,34S/13C-34S,0,0.3517744488637021,0.026226504439472685,0.000776081548648133,0.0022061907883162714,0.12889108344859104,0.1354573425092347,307020.77495621715,0.001609671972227824
LCMultipleFragmentTestFolder/Multiple_Fragment_Example_20201217_06_Methionine M3 Frag 250 uM 2e5 NCE 60_03.xlsx,90.0,34S/13C-34S,0,0.3517744488637021,0.026226504439472685,0.000776081548648133,0.0022061907883162714,0.12889108344859104,0.1354573425092347,307020.77495621715,0.001609671972227824
LCMultipleFragmentTestFolder/Multiple_Fragment_Example_20201217_06_Methionine M3 Frag 250 uM 2e5 NCE 60_01.xlsx,90.0,Unsub/13C-34S,0,0.025911464994244283,0.006032083315926596,0.00017849838022458941,0.006888779938310678,0.12889108344859104,0.1354573425092347,307020.77495621715,0.005166041469310046
LCMultipleFragmentTestFolder/Multiple_Fragment_Example_20201217_06_Methionine M3 Frag 250 uM 2e5 NCE 60_02.xlsx,90.0,Unsub/13C-34S,0,0.025911464994244283,0.006032083315926596,0.00017849838022458941,0.006888779938310678,0.12889108344859104,0.1354573425092347,307020.77495621715,0.005166041469310046
LCMultipleFragmentTestFolder/Multiple_Fragment_Example_20201217_06_Methionine M3 Frag 250 uM 2e5 NCE 60_03.xlsx,90.0,Unsub/13C-34S,0,0.025911464994244283,0.006032083315926596,0.00017849838022458941,0.006888779938310678,0.12889108344859104,0.1354573425092347,307020.77495621715,0.005166041469310046
